family,instance_index,name,rows,cols,playable,model,backend,config,vars,constraints,nonzeros,build_ms,solve_ms,engine_ms,total_ms,build_samples_ms,solve_samples_ms,engine_samples_ms,total_samples_ms,result,geometry_valid,cnf_valid,repetitions,statuses
artificial,1,artificial_n=5,12,12,60,cnf,cadical195,our-cadical,864,8208,21616,12.134300,0.701700,0.052400,12.836000,"[15.3979, 12.1343, 11.7379]","[0.7207, 0.7017, 0.6821]","[0.0567, 0.0494, 0.0524]","[16.1186, 12.836, 12.42]",SAT,OK,OK,3,"[""SAT"", ""SAT"", ""SAT""]"
artificial,1,artificial_n=5,12,12,60,ip-a-f,scip,demaine-scip,300,1732,5744,43.296700,15.910600,14.814400,59.536600,"[34.5591, 43.626, 43.2967]","[13.9596, 15.9106, 19.3021]","[13.7423, 14.8144, 19.0809]","[48.5187, 59.5366, 62.5988]",SAT,OK,OK,3,"[""OPTIMAL"", ""OPTIMAL"", ""OPTIMAL""]"
artificial,2,artificial_n=10,22,22,220,cnf,cadical195,our-cadical,2904,28508,74596,41.149500,1.809600,0.113100,42.875400,"[41.1495, 45.3421, 41.0105]","[1.6593, 1.8096, 1.8649]","[0.1131, 0.1119, 0.1348]","[42.8088, 47.1517, 42.8754]",SAT,OK,OK,3,"[""SAT"", ""SAT"", ""SAT""]"
artificial,2,artificial_n=10,22,22,220,ip-a-f,scip,demaine-scip,1100,8672,36404,275.629600,123.703500,122.978700,363.604000,"[347.5368, 275.6296, 223.3271]","[123.7035, 79.3207, 140.2769]","[122.9787, 78.5661, 139.0383]","[471.2403, 354.9503, 363.604]",SAT,OK,OK,3,"[""OPTIMAL"", ""OPTIMAL"", ""OPTIMAL""]"
artificial,3,artificial_n=15,32,32,480,cnf,cadical195,our-cadical,6144,61008,158976,96.684900,3.514000,0.233700,100.119500,"[247.5022, 96.6849, 90.498]","[4.2283, 3.4346, 3.514]","[0.3096, 0.2337, 0.2271]","[251.7305, 100.1195, 94.012]",SAT,OK,OK,3,"[""SAT"", ""SAT"", ""SAT""]"
artificial,3,artificial_n=15,32,32,480,ip-a-f,scip,demaine-scip,2400,23812,126964,466.147300,241.387000,239.136300,707.534300,"[585.1532, 417.4492, 466.1473]","[294.107, 224.6479, 241.387]","[292.5356, 219.5284, 239.1363]","[879.2602, 642.0971, 707.5343]",SAT,OK,OK,3,"[""OPTIMAL"", ""OPTIMAL"", ""OPTIMAL""]"
artificial,4,artificial_n=20,42,42,840,cnf,cadical195,our-cadical,10584,105708,274756,199.325500,5.942000,0.403100,205.267500,"[299.407, 199.3255, 178.0825]","[6.0453, 5.942, 5.8351]","[0.3996, 0.4031, 0.4299]","[305.4523, 205.2675, 183.9176]",SAT,OK,OK,3,"[""SAT"", ""SAT"", ""SAT""]"
artificial,4,artificial_n=20,42,42,840,ip-a-f,scip,demaine-scip,4200,50152,332424,1092.337100,572.612300,569.694500,1648.531000,"[939.6622, 1092.3371, 1104.2487]","[572.6123, 556.1939, 584.5506]","[569.6945, 553.2331, 580.981]","[1512.2745, 1648.531, 1688.7993]",SAT,OK,OK,3,"[""OPTIMAL"", ""OPTIMAL"", ""OPTIMAL""]"
artificial,5,artificial_n=25,52,52,1300,cnf,cadical195,our-cadical,16224,162608,421936,367.106300,8.787300,0.696600,375.893600,"[367.1063, 437.3649, 305.5242]","[8.7873, 9.9917, 8.7797]","[0.6966, 0.7485, 0.6158]","[375.8936, 447.3566, 314.3039]",SAT,OK,OK,3,"[""SAT"", ""SAT"", ""SAT""]"
artificial,5,artificial_n=25,52,52,1300,ip-a-f,scip,demaine-scip,6500,90692,727784,2124.226600,1162.835000,1157.681000,3287.061600,"[2211.7337, 1983.6675, 2124.2266]","[1322.4615, 1156.0309, 1162.835]","[1317.7653, 1151.5009, 1157.681]","[3534.1952, 3139.6984, 3287.0616]",SAT,OK,OK,3,"[""OPTIMAL"", ""OPTIMAL"", ""OPTIMAL""]"
artificial,6,artificial_n=30,62,62,1860,cnf,cadical195,our-cadical,23064,231708,600516,483.635800,12.568700,0.842300,496.204500,"[494.9399, 483.6358, 460.6294]","[12.897, 12.5687, 12.141]","[0.8423, 1.1703, 0.7585]","[507.8369, 496.2045, 472.7704]",SAT,OK,OK,3,"[""SAT"", ""SAT"", ""SAT""]"
artificial,6,artificial_n=30,62,62,1860,ip-a-f,scip,demaine-scip,9300,148432,1408044,3461.115600,2244.370000,2236.987400,5749.646200,"[3442.6683, 3543.7359, 3461.1156]","[2306.9779, 2244.37, 2244.1154]","[2299.6045, 2234.9598, 2236.9874]","[5749.6462, 5788.1059, 5705.231]",SAT,OK,OK,3,"[""OPTIMAL"", ""OPTIMAL"", ""OPTIMAL""]"
artificial,7,artificial_n=40,82,82,3280,cnf,cadical195,our-cadical,40344,406508,1051876,994.504900,24.612300,1.547200,1019.117200,"[994.5049, 1023.2062, 820.6223]","[24.6123, 24.9738, 23.5234]","[1.5472, 1.5969, 1.3386]","[1019.1172, 1048.18, 844.1457]",SAT,OK,OK,3,"[""SAT"", ""SAT"", ""SAT""]"
artificial,7,artificial_n=40,82,82,3280,ip-a-f,scip,demaine-scip,16400,327512,4103264,9451.123000,6943.448500,6930.032000,16394.571500,"[8971.6967, 9451.123, 10071.9915]","[6428.7511, 6943.4485, 10527.8152]","[6414.1131, 6930.032, 10510.4923]","[15400.4478, 16394.5715, 20599.8067]",SAT,OK,OK,3,"[""OPTIMAL"", ""OPTIMAL"", ""OPTIMAL""]"
artificial,8,artificial_n=50,102,102,5100,cnf,cadical195,our-cadical,62424,630108,1628836,1545.196700,41.249700,2.521600,1586.446400,"[1672.3482, 1545.1967, 1329.9896]","[41.7205, 41.2497, 38.1393]","[2.5216, 2.5688, 2.3647]","[1714.0687, 1586.4464, 1368.1289]",SAT,OK,OK,3,"[""SAT"", ""SAT"", ""SAT""]"
artificial,8,artificial_n=50,102,102,5100,ip-a-f,scip,demaine-scip,25500,611392,9578084,24066.856200,22221.638600,22193.593300,47439.407300,"[25217.7687, 24066.8562, 22335.8334]","[22221.6386, 24783.8519, 20283.2614]","[22193.5933, 24761.0227, 20258.8856]","[47439.4073, 48850.7081, 42619.0948]",SAT,OK,OK,3,"[""OPTIMAL"", ""OPTIMAL"", ""OPTIMAL""]"
